{
    "$schema": "https://schema.management.azure.com/schemas/2015-01-01/deploymentParameters.json#",
    "contentVersion": "1.0.0.0",
    "parameters": {
        "loadBalancers_lblb_name": {
            "value": null
        },
        "virtualMachines_vm1_name": {
            "value": null
        },
        "virtualMachines_VM2_name": {
            "value": null
        },
        "sshPublicKeys_vm1_key_name": {
            "value": null
        },
        "sshPublicKeys_VM2_key_name": {
            "value": null
        },
        "availabilitySets_avail_name": {
            "value": null
        },
        "publicIPAddresses_lb_ip_name": {
            "value": null
        },
        "networkInterfaces_vm1297_name": {
            "value": null
        },
        "networkInterfaces_vm2799_name": {
            "value": null
        },
        "publicIPAddresses_random_name": {
            "value": null
        },
        "publicIPAddresses_vm1_ip_name": {
            "value": null
        },
        "publicIPAddresses_VM2_ip_name": {
            "value": null
        },
        "networkSecurityGroups_vm1_nsg_name": {
            "value": null
        },
        "networkSecurityGroups_VM2_nsg_name": {
            "value": null
        },
        "virtualNetworks_Assignment_vnet_name": {
            "value": null
        },
        "disks_vm1_OsDisk_1_121f9c2a362f4ce691c709bb2e50a0b4_externalid": {
            "value": null
        },
        "disks_VM2_OsDisk_1_50e216c9f50b40189bc6300b31d30cfc_externalid": {
            "value": null
        }
    }
}